Triage Color,Time To Location,Waiting For Care,Care Time
Black,0.0,0.0,15.677241375579662
Green,0.0,0.0,4.688731929116035
Red,0.0,0.0,80.19398062496508
