Triage Color,Time To Location,Waiting For Care,Care Time
Black,0.0,0.0,13.030778025852834
Green,0.0,0.0,7.814564078236912
Red,0.0,0.0,108.6289361733568
Yellow,0.0,0.0,35.080557265214935
