Triage Color,Time To Location,Waiting For Care,Care Time
Black,0.0,0.0,17.986757463870735
Green,0.0,0.0,7.720277707611242
Red,0.0,0.0,230.53646724660553
Yellow,0.0,0.0,79.87243629340742
