,Triage Color,Time To Location,Waiting For Care,Care Time
0,Yellow,0.0,0.0,9.277662390214527
1,Green,0.0,0.0,5.851723512989814
2,Red,0.0,0.0,19.11016965139451
3,Green,0.0,0.0,2.230410060052897
4,Red,0.0,0.0,34.818668004181866
5,Yellow,0.0,0.0,22.550923218884563
6,Red,0.0,0.0,243.96540401568734
7,Black,0.0,0.0,8.586489936973521
8,Yellow,0.0,0.0,5.465168333445263
9,Yellow,0.0,0.0,15.469031618915551
