Triage Color,Time To Location,Waiting For Care,Care Time
Black,0.0,0.0,4.067023881444653
Green,0.0,0.0,13.266190845429376
Red,0.0,0.0,92.77783725697878
Yellow,0.0,0.0,28.512674402532966
