,Triage Color,Time To Location,Waiting For Care,Care Time,MEAN
0,Yellow,0.0,0.0,9.277662390214527,3.092554130071509
1,Green,0.0,0.0,5.851723512989814,1.950574504329938
2,Red,0.0,0.0,19.11016965139451,6.370056550464837
3,Green,0.0,0.0,2.230410060052897,0.7434700200176323
4,Red,0.0,0.0,34.818668004181866,11.606222668060623
5,Yellow,0.0,0.0,22.550923218884563,7.516974406294854
6,Red,0.0,0.0,243.96540401568734,81.32180133856245
7,Black,0.0,0.0,8.586489936973521,2.862163312324507
8,Yellow,0.0,0.0,5.465168333445263,1.8217227778150875
9,Yellow,0.0,0.0,15.469031618915551,5.15634387297185
MEAN,,0.0,0.0,36.732565074273985,12.244188358091328
