Triage Color,Time To Location,Waiting For Care,Care Time
Black,0.0,0.0,13.935606282413858
Green,0.0,0.0,14.716215623932692
Red,0.0,0.0,93.65744513719042
Yellow,0.0,0.0,36.606752091040626
