Marine ID,Triage Color,Time To Location,Waiting For Care,Care Time,MEAN
6,Yellow,0.0,0.0,22.124120426150114,7.374706808716705
7,Green,0.0,0.0,5.978333738081716,1.9927779126939054
8,Yellow,0.0,0.0,38.32387240989581,12.774624136631937
9,Yellow,0.0,0.0,95.02588113554896,31.67529371184965
10,Black,0.0,0.0,62.055032361316705,20.68501078710557
11,Red,0.0,0.0,21.12590608026261,7.04196869342087
12,Green,0.0,0.0,59.308850687183735,19.76961689572791
13,Yellow,0.0,0.0,30.671119360441935,10.223706453480645
14,Red,0.0,0.0,3.340384194901276,1.1134613983004253
15,Yellow,0.0,0.0,22.10008974778316,7.366696582594386
16,Red,0.0,0.0,25.97589307968235,8.658631026560784
17,Red,0.0,0.0,57.26486279041717,19.088287596805724
18,Green,0.0,0.0,7.872812296796155,2.6242707655987183
19,Black,0.0,0.0,1.3311973204666856,0.44373244015556185
20,Yellow,0.0,0.0,23.270872904532325,7.756957634844109
21,Green,0.0,0.0,1.7169926937222044,0.5723308979074014
22,Red,0.0,0.0,67.48970587924202,22.496568626414007
23,Black,0.0,0.0,17.335478198199667,5.7784927327332225
24,Yellow,0.0,0.0,28.412804476949304,9.470934825649769
25,Red,0.0,0.0,143.38578971335198,47.79526323778399
26,Red,0.0,0.0,25.531987762472227,8.510662587490742
27,Yellow,0.0,0.0,37.01778755994337,12.339262519981125
28,Red,0.0,0.0,47.90388137592504,15.967960458641679
29,Yellow,0.0,0.0,49.8126154356255,16.6042051452085
30,Black,0.0,0.0,5.712792370562283,1.9042641235207611
31,Green,0.0,0.0,16.622347708517054,5.5407825695056845
32,Yellow,0.0,0.0,6.7448891057647415,2.2482963685882473
33,Black,0.0,0.0,1.6515795289265043,0.5505265096421681
34,Black,0.0,0.0,11.62305275648464,3.8743509188282133
35,Black,0.0,0.0,7.610215442166918,2.536738480722306
36,Yellow,0.0,0.0,68.84883175850337,22.94961058616779
37,Green,0.0,0.0,8.800007294172929,2.9333357647243097
38,Red,0.0,0.0,80.59105534322407,26.863685114408025
39,Black,0.0,0.0,10.16303782584805,3.3876792752826836
40,Red,0.0,0.0,26.773818511531772,8.924606170510591
41,Black,0.0,0.0,2.953459616686814,0.9844865388956047
42,Yellow,0.0,0.0,12.726215452837778,4.242071817612593
43,Red,0.0,0.0,48.67927448882483,16.226424829608277
44,Green,0.0,0.0,13.873955573158582,4.6246518577195275
45,Red,0.0,0.0,106.34975706935666,35.44991902311889
46,Red,0.0,0.0,64.41218317078688,21.470727723595626
47,Yellow,0.0,0.0,35.82957946218926,11.943193154063087
48,Yellow,0.0,0.0,6.5166404588044315,2.1722134862681437
49,Red,0.0,0.0,87.19885255678673,29.066284185595578
MEAN,,0.0,0.0,34.50131402554605,11.500438008515351
