Marine ID,Triage Color,Time To Location,Waiting For Care,Care Time,MEAN
2,Yellow,0.0,0.0,3.8888151231986967,1.296271707732899
3,Black,0.0,0.0,11.879077914463835,3.959692638154612
4,Black,0.0,0.0,7.661945153016518,2.5539817176721726
5,Yellow,0.0,0.0,4.119371644813384,1.3731238816044613
6,Yellow,0.0,0.0,43.3414262069802,14.4471420689934
7,Black,0.0,0.0,24.161116185622006,8.053705395207336
8,Black,0.0,0.0,3.0957802146803033,1.0319267382267678
9,Yellow,0.0,0.0,54.99682437094344,18.332274790314482
MEAN,,0.0,0.0,19.1430446017148,6.381014867238267
