Triage Color,Time To Location,Waiting For Care,Care Time
Black,0.0,0.0,3.4576724565820456
Red,0.0,0.0,73.28278160267877
Yellow,0.0,0.0,54.67099138264933
