Triage Color,Time To Location,Waiting For Care,Care Time
Black,0.0,0.0,11.015193719693015
Red,0.0,0.0,75.96028086200754
Yellow,0.0,0.0,20.82403794929417
