Triage Color,Time To Location,Waiting For Care,Care Time
Black,0.0,0.0,18.682711612742203
Green,0.0,0.0,2.426240660055578
Red,0.0,0.0,128.89580341514838
Yellow,0.0,0.0,18.894415238869836
