Marine ID,Triage Color,Time To Location,Waiting For Care,Care Time,MEAN
2,Red,0.0,0.0,34.58843351395747,11.529477837985823
3,Black,0.0,0.0,15.677241375579662,5.22574712519322
4,Green,0.0,0.0,4.090695834293285,1.3635652780977618
5,Red,0.0,0.0,159.8772754729994,53.292425157666464
6,Red,0.0,0.0,14.42545272082154,4.808484240273846
7,Green,0.0,0.0,4.005206892113762,1.3350689640379205
8,Green,0.0,0.0,5.97029306094106,1.9900976869803533
9,Red,0.0,0.0,111.88476079208192,37.294920264027304
MEAN,,0.0,0.0,43.81491995784852,14.604973319282838
