Triage Color,Time To Location,Waiting For Care,Care Time
Black,0.0,0.0,13.381760602295364
Green,0.0,0.0,16.310471427376054
Red,0.0,0.0,57.57309657262611
Yellow,0.0,0.0,34.10180854964072
