Triage Color,Time To Location,Waiting For Care,Care Time
Black,0.0,0.0,0.9094133045970523
Green,0.0,0.0,16.32021597081836
Red,0.0,0.0,9.570982050264888
Yellow,0.0,0.0,23.263787381689028
