Marine ID,Triage Color,Time To Location,Waiting For Care,Care Time,MEAN
2,Black,0.0,0.0,5.3513893734107505,1.7837964578035834
3,Red,0.0,0.0,17.061076536770546,5.687025512256849
4,Green,0.0,0.0,0.9176204251011058,0.30587347503370194
5,Green,0.0,0.0,1.8040881206978199,0.6013627068992733
6,Yellow,0.0,0.0,6.972707769483563,2.3242359231611878
7,Yellow,0.0,0.0,14.210478552667212,4.736826184222404
8,Red,0.0,0.0,367.84249925857785,122.61416641952594
9,Black,0.0,0.0,0.6508003819022292,0.2169334606340764
10,Yellow,0.0,0.0,21.642179858210625,7.214059952736875
11,Green,0.0,0.0,2.976815976235571,0.9922719920785236
12,Black,0.0,0.0,8.066369506948206,2.688789835649402
13,Red,0.0,0.0,119.11780850743628,39.705936169145424
14,Green,0.0,0.0,4.006438118187816,1.335479372729272
15,Yellow,0.0,0.0,39.22218964940271,13.07406321646757
16,Yellow,0.0,0.0,12.424520364585078,4.141506788195026
17,Black,0.0,0.0,64.46540867295971,21.488469557653236
18,Red,0.0,0.0,11.561829357808847,3.8539431192696156
19,Black,0.0,0.0,14.879590128490122,4.959863376163374
MEAN,,0.0,0.0,39.62076725327089,13.206922417756964
