Marine ID,Triage Color,Time To Location,Waiting For Care,Care Time,MEAN
2,Red,0.0,0.0,390.435845974488,130.145281991496
3,Black,0.0,0.0,6.670475062962623,2.223491687654208
4,Red,0.0,0.0,56.99288874034704,18.99762958011568
5,Black,0.0,0.0,97.78146580229748,32.59382193409916
6,Red,0.0,0.0,14.749241119488829,4.916413706496276
MEAN,,0.0,0.0,113.3259833399168,37.77532777997227
