,Triage Color,Time To Location,Waiting For Care,Care Time,MEAN
0,Green,0.0,0.0,2.0081720975941795,0.6693906991980598
1,Black,0.0,0.0,13.030778025852834,4.343592675284278
2,Green,0.0,0.0,12.710772152420988,4.236924050806996
3,Green,0.0,0.0,8.70620132583749,2.902067108612497
4,Red,0.0,0.0,188.34303787747507,62.78101262582502
5,Green,0.0,0.0,7.190364860411279,2.3967882868037598
6,Yellow,0.0,0.0,35.080557265214935,11.693519088404978
7,Green,0.0,0.0,2.567293775506414,0.8557645918354714
8,Green,0.0,0.0,13.704580257651116,4.568193419217039
9,Red,0.0,0.0,28.914834469238542,9.638278156412847
MEAN,,0.0,0.0,31.225659210720284,10.408553070240096
