Marine ID,Triage Color,Time To Location,Waiting For Care,Care Time,MEAN
2,Green,0.0,0.0,34.13007711334265,11.376692371114217
3,Green,0.0,0.0,6.4110861384582165,2.1370287128194057
4,Yellow,0.0,0.0,13.81830880176173,4.606102933920577
5,Red,0.0,0.0,9.570982050264888,3.190327350088296
6,Black,0.0,0.0,0.9094133045970523,0.30313776819901744
7,Green,0.0,0.0,0.5146588293803518,0.17155294312678393
8,Green,0.0,0.0,24.22504180209222,8.075013934030741
9,Yellow,0.0,0.0,32.709265961616325,10.903088653872109
MEAN,,0.0,0.0,15.28610425018918,5.0953680833963935
