Marine ID,Triage Color,Time To Location,Waiting For Care,Care Time,MEAN
2,Green,0.0,0.0,4.381549787161326,1.460516595720442
3,Black,0.0,0.0,29.819283568606444,9.939761189535481
4,Yellow,0.0,0.0,82.67049442309597,27.556831474365325
5,Green,0.0,0.0,11.059005628061158,3.6863352093537194
6,Black,0.0,0.0,6.154231359135025,2.0514104530450084
7,Yellow,0.0,0.0,76.59183287600095,25.530610958666983
8,Red,0.0,0.0,230.53646724660553,76.84548908220184
9,Yellow,0.0,0.0,80.35498158112534,26.784993860375113
MEAN,,0.0,0.0,65.19598080872397,21.731993602907988
