Marine ID,Triage Color,Time To Location,Waiting For Care,Care Time,MEAN
2,Red,0.0,0.0,12.415101841825681,4.13836728060856
3,Yellow,0.0,0.0,14.515729371751462,4.838576457250487
4,Red,0.0,0.0,52.48501341900746,17.495004473002485
5,Yellow,0.0,0.0,123.5992849018593,41.1997616339531
6,Black,0.0,0.0,2.719177101009791,0.9063923670032636
7,Black,0.0,0.0,4.1961678121543,1.3987226040514333
8,Red,0.0,0.0,154.94822954720317,51.64940984906772
9,Yellow,0.0,0.0,25.897959874337232,8.632653291445743
MEAN,,0.0,0.0,48.847082983643546,16.28236099454785
