Marine ID,Time To Auxiliary Holding Area,Waiting For Green Corpsman,Time With Green Corpsman,MEAN
7,0.0,0.0,5.978333738081716,1.9927779126939054
12,0.0,0.0,59.308850687183735,19.76961689572791
18,0.0,0.0,7.872812296796155,2.6242707655987183
21,0.0,0.0,1.7169926937222044,0.5723308979074014
31,0.0,0.0,16.622347708517054,5.5407825695056845
37,0.0,0.0,8.800007294172929,2.9333357647243097
44,0.0,0.0,13.873955573158582,4.6246518577195275
MEAN,0.0,0.0,16.310471427376054,5.436823809125351
