Marine ID,Time To Auxillary Holding Area,Waiting For Green Corpsman,Time With Green Corpsman,MEAN
1,0.0,0.0,5.851723512989814,1.950574504329938
3,0.0,0.0,2.230410060052897,0.7434700200176323
MEAN,0.0,0.0,4.041066786521355,1.3470222621737853
