Marine ID,Time To Auxillary Holding Area,Waiting For Green Corpsman,Time With Green Corpsman,MEAN
2,0.0,0.0,34.13007711334265,11.376692371114217
3,0.0,0.0,6.4110861384582165,2.1370287128194057
7,0.0,0.0,0.5146588293803518,0.17155294312678393
8,0.0,0.0,24.22504180209222,8.075013934030741
MEAN,0.0,0.0,16.32021597081836,5.440071990272787
