Marine ID,Time To Auxiliary Holding Area,Waiting For Green Corpsman,Time With Green Corpsman,MEAN
2,0.0,0.0,4.381549787161326,1.460516595720442
5,0.0,0.0,11.059005628061158,3.6863352093537194
MEAN,0.0,0.0,7.720277707611242,2.573425902537081
