Marine ID,Time To Auxillary Holding Area,Waiting For Green Corpsman,Time With Green Corpsman,MEAN
0,0.0,0.0,2.0081720975941795,0.6693906991980598
2,0.0,0.0,12.710772152420988,4.236924050806996
3,0.0,0.0,8.70620132583749,2.902067108612497
5,0.0,0.0,7.190364860411279,2.3967882868037598
7,0.0,0.0,2.567293775506414,0.8557645918354714
8,0.0,0.0,13.704580257651116,4.568193419217039
MEAN,0.0,0.0,7.814564078236912,2.6048546927456373
