Marine ID,Time To Auxillary Holding Area,Waiting For Green Corpsman,Time With Green Corpsman,MEAN
4,0.0,0.0,4.090695834293285,1.3635652780977618
7,0.0,0.0,4.005206892113762,1.3350689640379205
8,0.0,0.0,5.97029306094106,1.9900976869803533
MEAN,0.0,0.0,4.688731929116035,1.5629106430386785
