Marine ID,Time To Auxiliary Holding Area,Waiting For Green Corpsman,Time With Green Corpsman,MEAN
4,0.0,0.0,0.9176204251011058,0.30587347503370194
5,0.0,0.0,1.8040881206978199,0.6013627068992733
11,0.0,0.0,2.976815976235571,0.9922719920785236
14,0.0,0.0,4.006438118187816,1.335479372729272
MEAN,0.0,0.0,2.426240660055578,0.8087468866851928
