Marine ID,Time To Main Battle Dressing Station,Waiting For Red Doctor,Time With Red Doctor,MEAN
2,0.0,0.0,34.58843351395747,11.529477837985823
5,0.0,0.0,159.8772754729994,53.292425157666464
6,0.0,0.0,14.42545272082154,4.808484240273846
9,0.0,0.0,111.88476079208192,37.294920264027304
MEAN,0.0,0.0,80.19398062496509,26.731326874988362
