Marine ID,Time To Main Battle Dressing Station,Waiting For Red Doctor,Time With Red Doctor,MEAN
3,0.0,0.0,17.061076536770546,5.687025512256849
8,0.0,0.0,367.84249925857785,122.61416641952594
13,0.0,0.0,119.11780850743628,39.705936169145424
18,0.0,0.0,11.561829357808847,3.8539431192696156
MEAN,0.0,0.0,128.89580341514838,42.96526780504946
