Marine ID,Time To Main Battle Dressing Station,Waiting For Red Doctor,Time With Red Doctor,MEAN
4,0.0,0.0,188.34303787747507,62.78101262582502
9,0.0,0.0,28.914834469238542,9.638278156412847
MEAN,0.0,0.0,108.6289361733568,36.20964539111893
