Marine ID,Time To Main Battle Dressing Station,Waiting For Red Doctor,Time With Red Doctor,MEAN
2,0.0,0.0,81.64770301899009,27.21590100633003
9,0.0,0.0,70.27285870502499,23.424286235008328
MEAN,0.0,0.0,75.96028086200754,25.320093620669176
