Marine ID,Time To Main Battle Dressing Station,Waiting For Red Doctor,Time With Red Doctor,MEAN
8,0.0,0.0,230.53646724660553,76.84548908220184
MEAN,0.0,0.0,230.53646724660553,76.84548908220184
