Marine ID,Time To Main Battle Dressing Station,Waiting For Red Doctor,Time With Red Doctor,MEAN
2,0.0,0.0,12.415101841825681,4.13836728060856
4,0.0,0.0,52.48501341900746,17.495004473002485
8,0.0,0.0,154.94822954720317,51.64940984906772
MEAN,0.0,0.0,73.28278160267877,24.42759386755959
