Marine ID,Time To Main Battle Dressing Station,Waiting For Red Doctor,Time With Red Doctor,MEAN
2,0.0,0.0,19.11016965139451,6.370056550464837
4,0.0,0.0,34.818668004181866,11.606222668060623
6,0.0,0.0,243.96540401568734,81.32180133856245
MEAN,0.0,0.0,99.29808055708791,33.09936018569597
