Marine ID,Time To Main Battle Dressing Station,Waiting For Red Doctor,Time With Red Doctor,MEAN
5,0.0,0.0,9.570982050264888,3.190327350088296
MEAN,0.0,0.0,9.570982050264888,3.190327350088296
