Marine ID,Time To Main Battle Dressing Station,Waiting For Red Doctor,Time With Red Doctor,MEAN
14,0.0,0.0,53.04746266200499,17.682487554001664
17,0.0,0.0,173.52977738993843,57.84325912997948
20,0.0,0.0,3.278986863991122,1.092995621330374
21,0.0,0.0,15.56998355079429,5.1899945169314305
22,0.0,0.0,30.836649136267283,10.278883045422427
23,0.0,0.0,63.70358705093622,21.23452901697874
41,0.0,0.0,284.4453251150985,94.81510837169951
47,0.0,0.0,117.81092628679949,39.270308762266495
MEAN,0.0,0.0,92.77783725697878,30.925945752326264
