Marine ID,Time To Main Battle Dressing Station,Waiting For Red Doctor,Time With Red Doctor,MEAN
2,0.0,0.0,390.435845974488,130.145281991496
4,0.0,0.0,56.99288874034704,18.99762958011568
6,0.0,0.0,14.749241119488829,4.916413706496276
MEAN,0.0,0.0,154.05932527810796,51.35310842603599
